"HS2","HS2ID","HS4","HS4ID","Section","SectionID","TradeValue","Year"
"null",1,"Exports",1,"Exports",1,1,2019
"Meat and edible meat offal",102,"Bovine Meat",10201,"Animal Products",1,11255139,2019
"Meat and edible meat offal",102,"Frozen Bovine Meat",10202,"Animal Products",1,91202400,2019
"Meat and edible meat offal",102,"Pig Meat",10203,"Animal Products",1,1199202,2019
"Meat and edible meat offal",102,"Edible Offal",10206,"Animal Products",1,9909590,2019
"Meat and edible meat offal",102,"Poultry Meat",10207,"Animal Products",1,681053,2019
"Meat and edible meat offal",102,"Animal Fat",10209,"Animal Products",1,117421,2019
"Meat and edible meat offal",102,"Preserved Meat",10210,"Animal Products",1,326660,2019
"Exports",1,"Meat and edible meat offal",102,"Meat and edible meat offal",1,1,2019
"Fish and crustaceans, molluscs and other aquatic invertebrates",103,"Live Fish",10301,"Animal Products",1,244188,2019
"Fish and crustaceans, molluscs and other aquatic invertebrates",103,"Non-fillet Fresh Fish",10302,"Animal Products",1,32822262,2019
"Fish and crustaceans, molluscs and other aquatic invertebrates",103,"Non-fillet Frozen Fish",10303,"Animal Products",1,1723396,2019
"Fish and crustaceans, molluscs and other aquatic invertebrates",103,"Fish Fillets",10304,"Animal Products",1,43229394,2019
"Fish and crustaceans, molluscs and other aquatic invertebrates",103,"Processed Fish",10305,"Animal Products",1,3524897,2019
"Fish and crustaceans, molluscs and other aquatic invertebrates",103,"Crustaceans",10306,"Animal Products",1,9886501,2019
"Fish and crustaceans, molluscs and other aquatic invertebrates",103,"Molluscs",10307,"Animal Products",1,5832.999999999999,2019
"Exports",1,"Fish and crustaceans, molluscs and other aquatic invertebrates",103,"Fish and crustaceans, molluscs and other aquatic invertebrates",1,1,2019
"Dairy products and other edible products of animal origin",104,"Milk",10401,"Animal Products",1,45278925,2019
"Dairy products and other edible products of animal origin",104,"Concentrated Milk",10402,"Animal Products",1,50359747,2019
"Dairy products and other edible products of animal origin",104,"Fermented Milk Products",10403,"Animal Products",1,10361878,2019
"Dairy products and other edible products of animal origin",104,"Whey",10404,"Animal Products",1,21079235,2019
"Dairy products and other edible products of animal origin",104,"Butter",10405,"Animal Products",1,5542632,2019
"Dairy products and other edible products of animal origin",104,"Cheese",10406,"Animal Products",1,14129313,2019
"Dairy products and other edible products of animal origin",104,"Eggs",10407,"Animal Products",1,12732884.000000002,2019
"Dairy products and other edible products of animal origin",104,"Processed Egg Products",10408,"Animal Products",1,447492,2019
"Dairy products and other edible products of animal origin",104,"Honey",10409,"Animal Products",1,27549,2019
"Exports",1,"Dairy products and other edible products of animal origin",104,"Dairy products and other edible products of animal origin",1,1,2019
"Animal originated products; not elsewhere specified or included",105,"Animal Organs",10504,"Animal Products",1,2457420,2019
"Animal originated products; not elsewhere specified or included",105,"Pharmaceutical Animal Products",10510,"Animal Products",1,236104.00000000003,2019
"Animal originated products; not elsewhere specified or included",105,"Other Inedible Animal Products",10511,"Animal Products",1,6391533,2019
"Exports",1,"Animal originated products; not elsewhere specified or included",105,"Animal originated products; not elsewhere specified or included",1,1,2019
"Trees and other live plants",206,"Bulbs and Roots",20601,"Vegetable Products",2,601122,2019
"Trees and other live plants",206,"Other Live Plants",20602,"Vegetable Products",2,75004223,2019
"Trees and other live plants",206,"Cut Flowers",20603,"Vegetable Products",2,29826311,2019
"Trees and other live plants",206,"Foliage",20604,"Vegetable Products",2,37379762,2019
"Exports",1,"Trees and other live plants",206,"Trees and other live plants",1,1,2019
"Vegetables and certain roots and tubers; edible",207,"Potatoes",20701,"Vegetable Products",2,25469,2019
"Vegetables and certain roots and tubers; edible",207,"Tomatoes",20702,"Vegetable Products",2,153035,2019
"Vegetables and certain roots and tubers; edible",207,"Onions",20703,"Vegetable Products",2,268808,2019
"Vegetables and certain roots and tubers; edible",207,"Cabbages",20704,"Vegetable Products",2,1723116,2019
"Vegetables and certain roots and tubers; edible",207,"Lettuce",20705,"Vegetable Products",2,361385,2019
"Vegetables and certain roots and tubers; edible",207,"Root Vegetables",20706,"Vegetable Products",2,9743869,2019
"Vegetables and certain roots and tubers; edible",207,"Cucumbers",20707,"Vegetable Products",2,263399,2019
"Vegetables and certain roots and tubers; edible",207,"Legumes",20708,"Vegetable Products",2,50964,2019
"Vegetables and certain roots and tubers; edible",207,"Other Vegetables",20709,"Vegetable Products",2,34108518,2019
"Vegetables and certain roots and tubers; edible",207,"Frozen Vegetables",20710,"Vegetable Products",2,1272269,2019
"Vegetables and certain roots and tubers; edible",207,"Preserved Vegetables",20711,"Vegetable Products",2,1085629,2019
"Vegetables and certain roots and tubers; edible",207,"Dried Vegetables",20712,"Vegetable Products",2,998976.0000000001,2019
"Vegetables and certain roots and tubers; edible",207,"Dried Legumes",20713,"Vegetable Products",2,724388,2019
"Vegetables and certain roots and tubers; edible",207,"Cassava",20714,"Vegetable Products",2,105685111,2019
"Exports",1,"Vegetables and certain roots and tubers; edible",207,"Vegetables and certain roots and tubers; edible",1,1,2019
"Fruit and nuts, edible; peel of citrus fruit or melons",208,"Coconuts, Brazil Nuts, and Cashews",20801,"Vegetable Products",2,2190660,2019
"Fruit and nuts, edible; peel of citrus fruit or melons",208,"Other Nuts",20802,"Vegetable Products",2,963325,2019
"Fruit and nuts, edible; peel of citrus fruit or melons",208,"Bananas",20803,"Vegetable Products",2,1179702761,2019
"Fruit and nuts, edible; peel of citrus fruit or melons",208,"Tropical Fruits",20804,"Vegetable Products",2,1108507860,2019
"Fruit and nuts, edible; peel of citrus fruit or melons",208,"Citrus",20805,"Vegetable Products",2,341966,2019
"Fruit and nuts, edible; peel of citrus fruit or melons",208,"Grapes",20806,"Vegetable Products",2,818360,2019
"Fruit and nuts, edible; peel of citrus fruit or melons",208,"Melons",20807,"Vegetable Products",2,101026293,2019
"Fruit and nuts, edible; peel of citrus fruit or melons",208,"Apples and Pears",20808,"Vegetable Products",2,658668,2019
"Fruit and nuts, edible; peel of citrus fruit or melons",208,"Pitted Fruits",20809,"Vegetable Products",2,135764,2019
"Fruit and nuts, edible; peel of citrus fruit or melons",208,"Other Fruits",20810,"Vegetable Products",2,8676403,2019
"Fruit and nuts, edible; peel of citrus fruit or melons",208,"Frozen Fruits and Nuts",20811,"Vegetable Products",2,81581931,2019
"Fruit and nuts, edible; peel of citrus fruit or melons",208,"Preserved Fruits and Nuts",20812,"Vegetable Products",2,93423,2019
"Fruit and nuts, edible; peel of citrus fruit or melons",208,"Dried Fruits",20813,"Vegetable Products",2,224196,2019
"Fruit and nuts, edible; peel of citrus fruit or melons",208,"Citrus and Melon Peels",20814,"Vegetable Products",2,8,2019
"Exports",1,"Fruit and nuts, edible; peel of citrus fruit or melons",208,"Fruit and nuts, edible; peel of citrus fruit or melons",1,1,2019
"Coffee, tea, mate and spices",209,"Coffee",20901,"Vegetable Products",2,308892299,2019
"Coffee, tea, mate and spices",209,"Tea",20902,"Vegetable Products",2,621133,2019
"Coffee, tea, mate and spices",209,"MatÃ©",20903,"Vegetable Products",2,952.0000000000001,2019
"Coffee, tea, mate and spices",209,"Pepper",20904,"Vegetable Products",2,1477103,2019
"Coffee, tea, mate and spices",209,"Vanilla",20905,"Vegetable Products",2,8051,2019
"Coffee, tea, mate and spices",209,"Cinnamon",20906,"Vegetable Products",2,142197,2019
"Coffee, tea, mate and spices",209,"Cloves",20907,"Vegetable Products",2,18135,2019
"Coffee, tea, mate and spices",209,"Nutmeg, mace and cardamons",20908,"Vegetable Products",2,561847,2019
"Coffee, tea, mate and spices",209,"Spice Seeds",20909,"Vegetable Products",2,91377,2019
"Coffee, tea, mate and spices",209,"Spices",20910,"Vegetable Products",2,6700455,2019
"Exports",1,"Coffee, tea, mate and spices",209,"Coffee, tea, mate and spices",1,1,2019
"Cereals",210,"Corn",21005,"Vegetable Products",2,49058,2019
"Cereals",210,"Rice",21006,"Vegetable Products",2,3963642,2019
"Cereals",210,"Sorghum",21007,"Vegetable Products",2,344,2019
"Cereals",210,"Buckwheat",21008,"Vegetable Products",2,20712,2019
"Exports",1,"Cereals",210,"Cereals",1,1,2019
"Products of the milling industry; malt, starches, inulin, wheat gluten",211,"Wheat Flours",21101,"Vegetable Products",2,3937070,2019
"Products of the milling industry; malt, starches, inulin, wheat gluten",211,"Cereal Flours",21102,"Vegetable Products",2,1700535,2019
"Products of the milling industry; malt, starches, inulin, wheat gluten",211,"Cereal Meal and Pellets",21103,"Vegetable Products",2,84220,2019
"Products of the milling industry; malt, starches, inulin, wheat gluten",211,"Processed Cereals",21104,"Vegetable Products",2,2249867,2019
"Products of the milling industry; malt, starches, inulin, wheat gluten",211,"Potato Flours",21105,"Vegetable Products",2,1432,2019
"Products of the milling industry; malt, starches, inulin, wheat gluten",211,"Legume Flours",21106,"Vegetable Products",2,1026681,2019
"Products of the milling industry; malt, starches, inulin, wheat gluten",211,"Malt",21107,"Vegetable Products",2,135180,2019
"Products of the milling industry; malt, starches, inulin, wheat gluten",211,"Starches",21108,"Vegetable Products",2,184483,2019
"Products of the milling industry; malt, starches, inulin, wheat gluten",211,"Wheat Gluten",21109,"Vegetable Products",2,43733,2019
"Exports",1,"Products of the milling industry; malt, starches, inulin, wheat gluten",211,"Products of the milling industry; malt, starches, inulin, wheat gluten",1,1,2019
"Oil seeds and oleaginous fruits",212,"Soybeans",21201,"Vegetable Products",2,5610,2019
"Oil seeds and oleaginous fruits",212,"Ground Nuts",21202,"Vegetable Products",2,76071,2019
"Oil seeds and oleaginous fruits",212,"Linseed",21204,"Vegetable Products",2,20298,2019
"Oil seeds and oleaginous fruits",212,"Sunflower Seeds",21206,"Vegetable Products",2,2987,2019
"Oil seeds and oleaginous fruits",212,"Other Oily Seeds",21207,"Vegetable Products",2,3363751,2019
"Oil seeds and oleaginous fruits",212,"Oil Seed Flower",21208,"Vegetable Products",2,28057,2019
"Oil seeds and oleaginous fruits",212,"Sowing Seeds",21209,"Vegetable Products",2,12188297,2019
"Oil seeds and oleaginous fruits",212,"Perfume Plants",21211,"Vegetable Products",2,2133614,2019
"Oil seeds and oleaginous fruits",212,"Locust beans, seaweed, sugar beet, cane, for food",21212,"Vegetable Products",2,948770,2019
"Oil seeds and oleaginous fruits",212,"Cereal Straws",21213,"Vegetable Products",2,1291,2019
"Exports",1,"Oil seeds and oleaginous fruits",212,"Oil seeds and oleaginous fruits",1,1,2019
"Lac; gums, resins and other vegetable saps and extracts",213,"Insect Resins",21301,"Vegetable Products",2,49587,2019
"Lac; gums, resins and other vegetable saps and extracts",213,"Vegetable Saps",21302,"Vegetable Products",2,2896268,2019
"Exports",1,"Lac; gums, resins and other vegetable saps and extracts",213,"Lac; gums, resins and other vegetable saps and extracts",1,1,2019
"Vegetable plaiting materials",214,"Vegetable Plaiting Materials",21401,"Vegetable Products",2,17926,2019
"Vegetable plaiting materials",214,"Other Vegetable Products",21404,"Vegetable Products",2,518071,2019
"Exports",1,"Vegetable plaiting materials",214,"Vegetable plaiting materials",1,1,2019
"Animal or vegetable fats and oils and their cleavage products",315,"Bovine, Sheep, and Goat Fat",31502,"Animal and Vegetable Bi-Products",3,440404,2019
"Animal or vegetable fats and oils and their cleavage products",315,"Fish Oil",31504,"Animal and Vegetable Bi-Products",3,858173,2019
"Animal or vegetable fats and oils and their cleavage products",315,"Wool Grease",31505,"Animal and Vegetable Bi-Products",3,25114,2019
"Animal or vegetable fats and oils and their cleavage products",315,"Other Animal Fats",31506,"Animal and Vegetable Bi-Products",3,22814,2019
"Animal or vegetable fats and oils and their cleavage products",315,"Soybean Oil",31507,"Animal and Vegetable Bi-Products",3,9317554,2019
"Animal or vegetable fats and oils and their cleavage products",315,"Ground Nut Oil",31508,"Animal and Vegetable Bi-Products",3,435,2019
"Animal or vegetable fats and oils and their cleavage products",315,"Pure Olive Oil",31509,"Animal and Vegetable Bi-Products",3,89111,2019
"Animal or vegetable fats and oils and their cleavage products",315,"Olive Oil",31510,"Animal and Vegetable Bi-Products",3,18.000000000000004,2019
"Animal or vegetable fats and oils and their cleavage products",315,"Palm Oil",31511,"Animal and Vegetable Bi-Products",3,113162518,2019
"Animal or vegetable fats and oils and their cleavage products",315,"Seed Oils",31512,"Animal and Vegetable Bi-Products",3,341841,2019
"Animal or vegetable fats and oils and their cleavage products",315,"Coconut Oil",31513,"Animal and Vegetable Bi-Products",3,16282956,2019
"Animal or vegetable fats and oils and their cleavage products",315,"Rapeseed Oil",31514,"Animal and Vegetable Bi-Products",3,1476,2019
"Animal or vegetable fats and oils and their cleavage products",315,"Other Pure Vegetable Oils",31515,"Animal and Vegetable Bi-Products",3,187429,2019
"Animal or vegetable fats and oils and their cleavage products",315,"Other Vegetable Oils",31516,"Animal and Vegetable Bi-Products",3,240021,2019
"Animal or vegetable fats and oils and their cleavage products",315,"Margarine",31517,"Animal and Vegetable Bi-Products",3,9619740,2019
"Animal or vegetable fats and oils and their cleavage products",315,"Inedible Fats and Oils",31518,"Animal and Vegetable Bi-Products",3,89500,2019
"Animal or vegetable fats and oils and their cleavage products",315,"Stearic Acid",31519,"Animal and Vegetable Bi-Products",3,759185,2019
"Animal or vegetable fats and oils and their cleavage products",315,"Glycerol",31520,"Animal and Vegetable Bi-Products",3,11825,2019
"Animal or vegetable fats and oils and their cleavage products",315,"Waxes",31521,"Animal and Vegetable Bi-Products",3,119686,2019
"Exports",1,"Animal or vegetable fats and oils and their cleavage products",315,"Animal or vegetable fats and oils and their cleavage products",1,1,2019
"Meat, fish or crustaceans, molluscs or other aquatic invertebrates",416,"Sausages",41601,"Foodstuffs",4,12241793,2019
"Meat, fish or crustaceans, molluscs or other aquatic invertebrates",416,"Other Prepared Meat",41602,"Foodstuffs",4,8464777,2019
"Meat, fish or crustaceans, molluscs or other aquatic invertebrates",416,"Processed Fish",41604,"Foodstuffs",4,28881221,2019
"Meat, fish or crustaceans, molluscs or other aquatic invertebrates",416,"Processed Crustaceans",41605,"Foodstuffs",4,326071,2019
"Exports",1,"Meat, fish or crustaceans, molluscs or other aquatic invertebrates",416,"Meat, fish or crustaceans, molluscs or other aquatic invertebrates",1,1,2019
"Sugars and sugar confectionery",417,"Raw Sugar",41701,"Foodstuffs",4,78288385,2019
"Sugars and sugar confectionery",417,"Other Sugars",41702,"Foodstuffs",4,974797,2019
"Sugars and sugar confectionery",417,"Molasses",41703,"Foodstuffs",4,1292,2019
"Sugars and sugar confectionery",417,"Confectionery Sugar",41704,"Foodstuffs",4,16518178,2019
"Exports",1,"Sugars and sugar confectionery",417,"Sugars and sugar confectionery",1,1,2019
"Cocoa and cocoa preparations",418,"Cocoa Beans",41801,"Foodstuffs",4,1727000,2019
"Cocoa and cocoa preparations",418,"Cocoa Paste",41803,"Foodstuffs",4,2553,2019
"Cocoa and cocoa preparations",418,"Cocoa Butter",41804,"Foodstuffs",4,49798.00000000001,2019
"Cocoa and cocoa preparations",418,"Cocoa Powder",41805,"Foodstuffs",4,122047,2019
"Cocoa and cocoa preparations",418,"Chocolate",41806,"Foodstuffs",4,9509786,2019
"Exports",1,"Cocoa and cocoa preparations",418,"Cocoa and cocoa preparations",1,1,2019
"Preparations of vegetables, fruit, nuts or other parts of plants",420,"Pickled Foods",42001,"Foodstuffs",4,1583567,2019
"Preparations of vegetables, fruit, nuts or other parts of plants",420,"Processed Tomatoes",42002,"Foodstuffs",4,6036717,2019
"Preparations of vegetables, fruit, nuts or other parts of plants",420,"Processed Mushrooms",42003,"Foodstuffs",4,584255,2019
"Preparations of vegetables, fruit, nuts or other parts of plants",420,"Other Frozen Vegetables",42004,"Foodstuffs",4,1573789,2019
"Preparations of vegetables, fruit, nuts or other parts of plants",420,"Other Processed Vegetables",42005,"Foodstuffs",4,6781542,2019
"Preparations of vegetables, fruit, nuts or other parts of plants",420,"Sugar Preserved Foods",42006,"Foodstuffs",4,1739052,2019
"Preparations of vegetables, fruit, nuts or other parts of plants",420,"Jams",42007,"Foodstuffs",4,29203004,2019
"Preparations of vegetables, fruit, nuts or other parts of plants",420,"Other Processed Fruits and Nuts",42008,"Foodstuffs",4,169027547,2019
"Preparations of vegetables, fruit, nuts or other parts of plants",420,"Fruit Juice",42009,"Foodstuffs",4,156036926,2019
"Exports",1,"Preparations of vegetables, fruit, nuts or other parts of plants",420,"Preparations of vegetables, fruit, nuts or other parts of plants",1,1,2019
"Miscellaneous edible preparations",421,"Coffee and Tea Extracts",42101,"Foodstuffs",4,1849512,2019
"Miscellaneous edible preparations",421,"Yeast",42102,"Foodstuffs",4,682178,2019
"Miscellaneous edible preparations",421,"Sauces and Seasonings",42103,"Foodstuffs",4,110227334,2019
"Miscellaneous edible preparations",421,"Soups and Broths",42104,"Foodstuffs",4,208341,2019
"Miscellaneous edible preparations",421,"Ice Cream",42105,"Foodstuffs",4,13586873,2019
"Miscellaneous edible preparations",421,"Other Edible Preparations",42106,"Foodstuffs",4,463747632,2019
"Exports",1,"Miscellaneous edible preparations",421,"Miscellaneous edible preparations",1,1,2019
"Beverages, spirits and vinegar",422,"Water",42201,"Foodstuffs",4,677736,2019
"Beverages, spirits and vinegar",422,"Flavored Water",42202,"Foodstuffs",4,41820943,2019
"Beverages, spirits and vinegar",422,"Beer",42203,"Foodstuffs",4,4164288,2019
"Beverages, spirits and vinegar",422,"Wine",42204,"Foodstuffs",4,8386,2019
"Beverages, spirits and vinegar",422,"Vermouth",42205,"Foodstuffs",4,182,2019
"Beverages, spirits and vinegar",422,"Other Fermented Beverages",42206,"Foodstuffs",4,4605,2019
"Beverages, spirits and vinegar",422,"Alcohol > 80% ABV",42207,"Foodstuffs",4,18032109,2019
"Beverages, spirits and vinegar",422,"Hard Liquor",42208,"Foodstuffs",4,19780742,2019
"Beverages, spirits and vinegar",422,"Vinegar",42209,"Foodstuffs",4,203519,2019
"Exports",1,"Beverages, spirits and vinegar",422,"Beverages, spirits and vinegar",1,1,2019
"Food industries, residues and wastes thereof; prepared animal fodder",423,"Animal Meal and Pellets",42301,"Foodstuffs",4,4863350,2019
"Food industries, residues and wastes thereof; prepared animal fodder",423,"Bran",42302,"Foodstuffs",4,61727,2019
"Food industries, residues and wastes thereof; prepared animal fodder",423,"Starch Residue",42303,"Foodstuffs",4,71260,2019
"Food industries, residues and wastes thereof; prepared animal fodder",423,"Soybean Meal",42304,"Foodstuffs",4,967847,2019
"Food industries, residues and wastes thereof; prepared animal fodder",423,"Other Vegetable Residues",42306,"Foodstuffs",4,144663,2019
"Food industries, residues and wastes thereof; prepared animal fodder",423,"Other Vegetable Residues and Waste",42308,"Foodstuffs",4,995750,2019
"Food industries, residues and wastes thereof; prepared animal fodder",423,"Animal Food",42309,"Foodstuffs",4,42989869,2019
"Exports",1,"Food industries, residues and wastes thereof; prepared animal fodder",423,"Food industries, residues and wastes thereof; prepared animal fodder",1,1,2019
"Tobacco and manufactured tobacco substitutes",424,"Raw Tobacco",42401,"Foodstuffs",4,653692,2019
"Tobacco and manufactured tobacco substitutes",424,"Rolled Tobacco",42402,"Foodstuffs",4,4441543,2019
"Tobacco and manufactured tobacco substitutes",424,"Processed Tobacco",42403,"Foodstuffs",4,11162,2019
"Exports",1,"Tobacco and manufactured tobacco substitutes",424,"Tobacco and manufactured tobacco substitutes",1,1,2019
"Salt; sulphur; earths, stone; plastering materials, lime and cement",525,"Salt",52501,"Mineral Products",5,871095,2019
"Salt; sulphur; earths, stone; plastering materials, lime and cement",525,"Sulphur",52503,"Mineral Products",5,4319,2019
"Salt; sulphur; earths, stone; plastering materials, lime and cement",525,"Graphite",52504,"Mineral Products",5,2130,2019
"Salt; sulphur; earths, stone; plastering materials, lime and cement",525,"Sand",52505,"Mineral Products",5,632429,2019
"Salt; sulphur; earths, stone; plastering materials, lime and cement",525,"Quartz",52506,"Mineral Products",5,6249,2019
"Salt; sulphur; earths, stone; plastering materials, lime and cement",525,"Kaolin",52507,"Mineral Products",5,106327,2019
"Salt; sulphur; earths, stone; plastering materials, lime and cement",525,"Clays",52508,"Mineral Products",5,25091,2019
"Salt; sulphur; earths, stone; plastering materials, lime and cement",525,"Chalk",52509,"Mineral Products",5,2031.0000000000002,2019
"Salt; sulphur; earths, stone; plastering materials, lime and cement",525,"Calcium Phosphates",52510,"Mineral Products",5,4505,2019
"Salt; sulphur; earths, stone; plastering materials, lime and cement",525,"Siliceous Fossil Meals",52512,"Mineral Products",5,408937,2019
"Salt; sulphur; earths, stone; plastering materials, lime and cement",525,"Pumice",52513,"Mineral Products",5,1307,2019
"Salt; sulphur; earths, stone; plastering materials, lime and cement",525,"Slate",52514,"Mineral Products",5,6.999999999999999,2019
"Salt; sulphur; earths, stone; plastering materials, lime and cement",525,"Marble, Travertine and Alabaster",52515,"Mineral Products",5,3588.0000000000005,2019
"Salt; sulphur; earths, stone; plastering materials, lime and cement",525,"Granite",52516,"Mineral Products",5,231,2019
"Salt; sulphur; earths, stone; plastering materials, lime and cement",525,"Gravel and Crushed Stone",52517,"Mineral Products",5,526167,2019
"Salt; sulphur; earths, stone; plastering materials, lime and cement",525,"Dolomite",52518,"Mineral Products",5,62492,2019
"Salt; sulphur; earths, stone; plastering materials, lime and cement",525,"Magnesium Carbonate",52519,"Mineral Products",5,140195,2019
"Salt; sulphur; earths, stone; plastering materials, lime and cement",525,"Gypsum",52520,"Mineral Products",5,201339,2019
"Salt; sulphur; earths, stone; plastering materials, lime and cement",525,"Limestone",52521,"Mineral Products",5,76289,2019
"Salt; sulphur; earths, stone; plastering materials, lime and cement",525,"Quicklime",52522,"Mineral Products",5,5181,2019
"Salt; sulphur; earths, stone; plastering materials, lime and cement",525,"Cement",52523,"Mineral Products",5,28242837,2019
"Salt; sulphur; earths, stone; plastering materials, lime and cement",525,"Mica",52525,"Mineral Products",5,677,2019
"Salt; sulphur; earths, stone; plastering materials, lime and cement",525,"Soapstone",52526,"Mineral Products",5,37159,2019
"Salt; sulphur; earths, stone; plastering materials, lime and cement",525,"Borax",52528,"Mineral Products",5,3540,2019
"Salt; sulphur; earths, stone; plastering materials, lime and cement",525,"Feldspar",52529,"Mineral Products",5,1868,2019
"Salt; sulphur; earths, stone; plastering materials, lime and cement",525,"Other Mineral",52530,"Mineral Products",5,60066,2019
"Exports",1,"Salt; sulphur; earths, stone; plastering materials, lime and cement",525,"Salt; sulphur; earths, stone; plastering materials, lime and cement",1,1,2019
"Ores, slag and ash",526,"Chromium Ore",52610,"Mineral Products",5,1699,2019
"Ores, slag and ash",526,"Molybdenum Ore",52613,"Mineral Products",5,450,2019
"Ores, slag and ash",526,"Precious Metal Ore",52616,"Mineral Products",5,201,2019
"Ores, slag and ash",526,"Other Ores",52617,"Mineral Products",5,2030,2019
"Ores, slag and ash",526,"Granulated Slag",52618,"Mineral Products",5,128380,2019
"Ores, slag and ash",526,"Non-Iron and Steel Slag, Ash and Residues",52620,"Mineral Products",5,3530895,2019
"Ores, slag and ash",526,"Other Slag and Ash",52621,"Mineral Products",5,5,2019
"Exports",1,"Ores, slag and ash",526,"Ores, slag and ash",1,1,2019
"Mineral fuels, mineral oils and products of their distillation",527,"Coal Tar Oil",52707,"Mineral Products",5,117186,2019
"Mineral fuels, mineral oils and products of their distillation",527,"Pitch Coke",52708,"Mineral Products",5,87,2019
"Mineral fuels, mineral oils and products of their distillation",527,"Refined Petroleum",52710,"Mineral Products",5,2814359,2019
"Mineral fuels, mineral oils and products of their distillation",527,"Petroleum Gas",52711,"Mineral Products",5,7103,2019
"Mineral fuels, mineral oils and products of their distillation",527,"Petroleum Jelly",52712,"Mineral Products",5,359542,2019
"Mineral fuels, mineral oils and products of their distillation",527,"Petroleum Coke",52713,"Mineral Products",5,69,2019
"Mineral fuels, mineral oils and products of their distillation",527,"Asphalt",52714,"Mineral Products",5,7386,2019
"Mineral fuels, mineral oils and products of their distillation",527,"Asphalt Mixtures",52715,"Mineral Products",5,1088,2019
"Mineral fuels, mineral oils and products of their distillation",527,"Electricity",52716,"Mineral Products",5,6678184,2019
"Exports",1,"Mineral fuels, mineral oils and products of their distillation",527,"Mineral fuels, mineral oils and products of their distillation",1,1,2019
"Inorganic chemicals; organic and inorganic compounds of precious metals; of rare earth metals, of radio-active elements and of isotopes",628,"Halogens",62801,"Chemical Products",6,15194,2019
"Inorganic chemicals; organic and inorganic compounds of precious metals; of rare earth metals, of radio-active elements and of isotopes",628,"Carbon",62803,"Chemical Products",6,81558,2019
"Inorganic chemicals; organic and inorganic compounds of precious metals; of rare earth metals, of radio-active elements and of isotopes",628,"Hydrogen",62804,"Chemical Products",6,913985,2019
"Inorganic chemicals; organic and inorganic compounds of precious metals; of rare earth metals, of radio-active elements and of isotopes",628,"Alkaline Metals",62805,"Chemical Products",6,154,2019
"Inorganic chemicals; organic and inorganic compounds of precious metals; of rare earth metals, of radio-active elements and of isotopes",628,"Hydrochloric Acid",62806,"Chemical Products",6,27414,2019
"Inorganic chemicals; organic and inorganic compounds of precious metals; of rare earth metals, of radio-active elements and of isotopes",628,"Sulfuric Acid",62807,"Chemical Products",6,7756,2019
"Inorganic chemicals; organic and inorganic compounds of precious metals; of rare earth metals, of radio-active elements and of isotopes",628,"Nitric Acids",62808,"Chemical Products",6,6394,2019
"Inorganic chemicals; organic and inorganic compounds of precious metals; of rare earth metals, of radio-active elements and of isotopes",628,"Phosphoric Acid",62809,"Chemical Products",6,56425,2019
"Inorganic chemicals; organic and inorganic compounds of precious metals; of rare earth metals, of radio-active elements and of isotopes",628,"Boron",62810,"Chemical Products",6,17957,2019
"Inorganic chemicals; organic and inorganic compounds of precious metals; of rare earth metals, of radio-active elements and of isotopes",628,"Other Inorganic Acids",62811,"Chemical Products",6,10493371,2019
"Inorganic chemicals; organic and inorganic compounds of precious metals; of rare earth metals, of radio-active elements and of isotopes",628,"Ammonia",62814,"Chemical Products",6,12150,2019
"Inorganic chemicals; organic and inorganic compounds of precious metals; of rare earth metals, of radio-active elements and of isotopes",628,"Sodium or Potassium Peroxides",62815,"Chemical Products",6,201812,2019
"Inorganic chemicals; organic and inorganic compounds of precious metals; of rare earth metals, of radio-active elements and of isotopes",628,"Zinc Oxide and Peroxide",62817,"Chemical Products",6,216042,2019
"Inorganic chemicals; organic and inorganic compounds of precious metals; of rare earth metals, of radio-active elements and of isotopes",628,"Aluminium Oxide",62818,"Chemical Products",6,700,2019
"Inorganic chemicals; organic and inorganic compounds of precious metals; of rare earth metals, of radio-active elements and of isotopes",628,"Iron Oxides and Hydroxides",62821,"Chemical Products",6,280560,2019
"Inorganic chemicals; organic and inorganic compounds of precious metals; of rare earth metals, of radio-active elements and of isotopes",628,"Titanium Oxides",62823,"Chemical Products",6,24497,2019
"Inorganic chemicals; organic and inorganic compounds of precious metals; of rare earth metals, of radio-active elements and of isotopes",628,"Lead Oxides",62824,"Chemical Products",6,12,2019
"Inorganic chemicals; organic and inorganic compounds of precious metals; of rare earth metals, of radio-active elements and of isotopes",628,"Inorganic Salts",62825,"Chemical Products",6,15936,2019
"Inorganic chemicals; organic and inorganic compounds of precious metals; of rare earth metals, of radio-active elements and of isotopes",628,"Fluorides",62826,"Chemical Products",6,14641.000000000002,2019
"Inorganic chemicals; organic and inorganic compounds of precious metals; of rare earth metals, of radio-active elements and of isotopes",628,"Chlorides",62827,"Chemical Products",6,220207,2019
"Inorganic chemicals; organic and inorganic compounds of precious metals; of rare earth metals, of radio-active elements and of isotopes",628,"Hypochlorites",62828,"Chemical Products",6,1437177,2019
"Inorganic chemicals; organic and inorganic compounds of precious metals; of rare earth metals, of radio-active elements and of isotopes",628,"Sulfides",62830,"Chemical Products",6,495,2019
"Inorganic chemicals; organic and inorganic compounds of precious metals; of rare earth metals, of radio-active elements and of isotopes",628,"Sulfites",62832,"Chemical Products",6,251844,2019
"Inorganic chemicals; organic and inorganic compounds of precious metals; of rare earth metals, of radio-active elements and of isotopes",628,"Sulfates",62833,"Chemical Products",6,1004604,2019
"Inorganic chemicals; organic and inorganic compounds of precious metals; of rare earth metals, of radio-active elements and of isotopes",628,"Nitrites and Nitrates",62834,"Chemical Products",6,339659.99999999994,2019
"Inorganic chemicals; organic and inorganic compounds of precious metals; of rare earth metals, of radio-active elements and of isotopes",628,"Phosphinates and Phosphonates",62835,"Chemical Products",6,272960,2019
"Inorganic chemicals; organic and inorganic compounds of precious metals; of rare earth metals, of radio-active elements and of isotopes",628,"Carbonates",62836,"Chemical Products",6,275005,2019
"Inorganic chemicals; organic and inorganic compounds of precious metals; of rare earth metals, of radio-active elements and of isotopes",628,"Silicates",62839,"Chemical Products",6,547930,2019
"Inorganic chemicals; organic and inorganic compounds of precious metals; of rare earth metals, of radio-active elements and of isotopes",628,"Borates",62840,"Chemical Products",6,3332,2019
"Inorganic chemicals; organic and inorganic compounds of precious metals; of rare earth metals, of radio-active elements and of isotopes",628,"Oxometallic or Peroxometallic Acid Salts",62841,"Chemical Products",6,7678,2019
"Inorganic chemicals; organic and inorganic compounds of precious metals; of rare earth metals, of radio-active elements and of isotopes",628,"Other Inorganic Acids Salts",62842,"Chemical Products",6,3938,2019
"Inorganic chemicals; organic and inorganic compounds of precious metals; of rare earth metals, of radio-active elements and of isotopes",628,"Precious Metal Compounds",62843,"Chemical Products",6,20,2019
"Inorganic chemicals; organic and inorganic compounds of precious metals; of rare earth metals, of radio-active elements and of isotopes",628,"Radioactive Chemicals",62844,"Chemical Products",6,4000,2019
"Inorganic chemicals; organic and inorganic compounds of precious metals; of rare earth metals, of radio-active elements and of isotopes",628,"Other Isotopes",62845,"Chemical Products",6,1,2019
"Inorganic chemicals; organic and inorganic compounds of precious metals; of rare earth metals, of radio-active elements and of isotopes",628,"Hydrogen peroxide",62847,"Chemical Products",6,17864,2019
"Inorganic chemicals; organic and inorganic compounds of precious metals; of rare earth metals, of radio-active elements and of isotopes",628,"Carbides",62849,"Chemical Products",6,29805,2019
"Inorganic chemicals; organic and inorganic compounds of precious metals; of rare earth metals, of radio-active elements and of isotopes",628,"Inorganic Compounds",62851,"Chemical Products",6,4774,2019
"Exports",1,"Inorganic chemicals; organic and inorganic compounds of precious metals; of rare earth metals, of radio-active elements and of isotopes",628,"Inorganic chemicals; organic and inorganic compounds of precious metals; of rare earth metals, of radio-active elements and of isotopes",1,1,2019
"Organic chemicals",629,"Acyclic Hydrocarbons",62901,"Chemical Products",6,339285,2019
"Organic chemicals",629,"Cyclic Hydrocarbons",62902,"Chemical Products",6,499583,2019
"Organic chemicals",629,"Halogenated Hydrocarbons",62903,"Chemical Products",6,21613,2019
"Organic chemicals",629,"Sulfonated, Nitrated or Nitrosated Hydrocarbons",62904,"Chemical Products",6,8804,2019
"Organic chemicals",629,"Acyclic Alcohols",62905,"Chemical Products",6,165853,2019
"Organic chemicals",629,"Cyclic Alcohols",62906,"Chemical Products",6,60829.99999999999,2019
"Organic chemicals",629,"Phenols",62907,"Chemical Products",6,20834,2019
"Organic chemicals",629,"Ethers",62909,"Chemical Products",6,308170,2019
"Organic chemicals",629,"Epoxides",62910,"Chemical Products",6,6075,2019
"Organic chemicals",629,"Aldehydes",62912,"Chemical Products",6,480529.99999999994,2019
"Organic chemicals",629,"Ketones and Quinones",62914,"Chemical Products",6,178569,2019
"Organic chemicals",629,"Saturated Acyclic Monocarboxylic Acids",62915,"Chemical Products",6,522256,2019
"Organic chemicals",629,"Unsaturated Acyclic Monocarboxylic Acids",62916,"Chemical Products",6,463958,2019
"Organic chemicals",629,"Polycarboxylic Acids",62917,"Chemical Products",6,152962,2019
"Organic chemicals",629,"Carboxylic Acids",62918,"Chemical Products",6,446275,2019
"Organic chemicals",629,"Amine Compounds",62921,"Chemical Products",6,121816,2019
"Organic chemicals",629,"Oxygen Amino Compounds",62922,"Chemical Products",6,164278,2019
"Organic chemicals",629,"Quaternary Ammonium Salts and Hydroxides",62923,"Chemical Products",6,1513954,2019
"Organic chemicals",629,"Carboxyamide Compounds",62924,"Chemical Products",6,152958,2019
"Organic chemicals",629,"Carboxyimide Compounds",62925,"Chemical Products",6,27268,2019
"Organic chemicals",629,"Nitrile Compounds",62926,"Chemical Products",6,119472,2019
"Organic chemicals",629,"Diazo, Azo or Aoxy Compounds",62927,"Chemical Products",6,243,2019
"Organic chemicals",629,"Hydrazine or Hydroxylamine Derivatives",62928,"Chemical Products",6,9743,2019
"Organic chemicals",629,"Other Nitrogen Compounds",62929,"Chemical Products",6,70235,2019
"Organic chemicals",629,"Organo-Sulfur Compounds",62930,"Chemical Products",6,404137,2019
"Organic chemicals",629,"Other Organo-Inorganic Compounds",62931,"Chemical Products",6,43100,2019
"Organic chemicals",629,"Oxygen Heterocyclic Compounds",62932,"Chemical Products",6,136818,2019
"Organic chemicals",629,"Nitrogen Heterocyclic Compounds",62933,"Chemical Products",6,1178600,2019
"Organic chemicals",629,"Nucleic Acids",62934,"Chemical Products",6,483119,2019
"Organic chemicals",629,"Sulfonamides",62935,"Chemical Products",6,36262,2019
"Organic chemicals",629,"Vitamins",62936,"Chemical Products",6,479469,2019
"Organic chemicals",629,"Hormones",62937,"Chemical Products",6,31783,2019
"Organic chemicals",629,"Glycosides",62938,"Chemical Products",6,3,2019
"Organic chemicals",629,"Vegetable Alkaloids",62939,"Chemical Products",6,157,2019
"Organic chemicals",629,"Chemically Pure Sugars",62940,"Chemical Products",6,3698,2019
"Organic chemicals",629,"Antibiotics",62941,"Chemical Products",6,500043.00000000006,2019
"Organic chemicals",629,"Other Organic Compounds",62942,"Chemical Products",6,69620,2019
"Exports",1,"Organic chemicals",629,"Organic chemicals",1,1,2019
"Pharmaceutical products",630,"Glands and Other Organs",63001,"Chemical Products",6,5137040,2019
"Pharmaceutical products",630,"Blood, antisera, vaccines, toxins and cultures",63002,"Chemical Products",6,143603139,2019
"Pharmaceutical products",630,"Unpackaged Medicaments",63003,"Chemical Products",6,881808,2019
"Pharmaceutical products",630,"Packaged Medicaments",63004,"Chemical Products",6,167787365,2019
"Pharmaceutical products",630,"Bandages",63005,"Chemical Products",6,1084137,2019
"Pharmaceutical products",630,"Special Pharmaceuticals",63006,"Chemical Products",6,8289436,2019
"Exports",1,"Pharmaceutical products",630,"Pharmaceutical products",1,1,2019
"Fertilizers",631,"Animal or Vegetable Fertilizers",63101,"Chemical Products",6,45968,2019
"Fertilizers",631,"Nitrogenous Fertilizers",63102,"Chemical Products",6,4402680,2019
"Fertilizers",631,"Phosphatic Fertilizers",63103,"Chemical Products",6,13875,2019
"Fertilizers",631,"Potassic Fertilizers",63104,"Chemical Products",6,1101785,2019
"Fertilizers",631,"Mixed Mineral or Chemical Fertilizers",63105,"Chemical Products",6,29538449,2019
"Exports",1,"Fertilizers",631,"Fertilizers",1,1,2019
"Tanning or dyeing extracts; tannins and their derivatives; dyes, pigments and other colouring matter; paints, varnishes; putty, other mastics; inks",632,"Vegetable Tanning Extracts",63201,"Chemical Products",6,55.99999999999999,2019
"Tanning or dyeing extracts; tannins and their derivatives; dyes, pigments and other colouring matter; paints, varnishes; putty, other mastics; inks",632,"Synthetic Tanning Extracts",63202,"Chemical Products",6,14415,2019
"Tanning or dyeing extracts; tannins and their derivatives; dyes, pigments and other colouring matter; paints, varnishes; putty, other mastics; inks",632,"Vegetable or Animal Dyes",63203,"Chemical Products",6,232821,2019
"Tanning or dyeing extracts; tannins and their derivatives; dyes, pigments and other colouring matter; paints, varnishes; putty, other mastics; inks",632,"Synthetic Coloring Matter",63204,"Chemical Products",6,1565881,2019
"Tanning or dyeing extracts; tannins and their derivatives; dyes, pigments and other colouring matter; paints, varnishes; putty, other mastics; inks",632,"Lake Pigments",63205,"Chemical Products",6,153120,2019
"Tanning or dyeing extracts; tannins and their derivatives; dyes, pigments and other colouring matter; paints, varnishes; putty, other mastics; inks",632,"Other Coloring Matter",63206,"Chemical Products",6,906661,2019
"Tanning or dyeing extracts; tannins and their derivatives; dyes, pigments and other colouring matter; paints, varnishes; putty, other mastics; inks",632,"Prepared Pigments",63207,"Chemical Products",6,854152,2019
"Tanning or dyeing extracts; tannins and their derivatives; dyes, pigments and other colouring matter; paints, varnishes; putty, other mastics; inks",632,"Nonaqueous Paints",63208,"Chemical Products",6,38608998,2019
"Tanning or dyeing extracts; tannins and their derivatives; dyes, pigments and other colouring matter; paints, varnishes; putty, other mastics; inks",632,"Aqueous Paints",63209,"Chemical Products",6,20854640,2019
"Tanning or dyeing extracts; tannins and their derivatives; dyes, pigments and other colouring matter; paints, varnishes; putty, other mastics; inks",632,"Other Paints",63210,"Chemical Products",6,247270,2019
"Tanning or dyeing extracts; tannins and their derivatives; dyes, pigments and other colouring matter; paints, varnishes; putty, other mastics; inks",632,"Prepared Paint Driers",63211,"Chemical Products",6,97139,2019
"Tanning or dyeing extracts; tannins and their derivatives; dyes, pigments and other colouring matter; paints, varnishes; putty, other mastics; inks",632,"Nonaqueous Pigments",63212,"Chemical Products",6,3649577,2019
"Tanning or dyeing extracts; tannins and their derivatives; dyes, pigments and other colouring matter; paints, varnishes; putty, other mastics; inks",632,"Artistry Paints",63213,"Chemical Products",6,189852,2019
"Tanning or dyeing extracts; tannins and their derivatives; dyes, pigments and other colouring matter; paints, varnishes; putty, other mastics; inks",632,"Glaziers Putty",63214,"Chemical Products",6,12150342,2019
"Tanning or dyeing extracts; tannins and their derivatives; dyes, pigments and other colouring matter; paints, varnishes; putty, other mastics; inks",632,"Ink",63215,"Chemical Products",6,17427901,2019
"Exports",1,"Tanning or dyeing extracts; tannins and their derivatives; dyes, pigments and other colouring matter; paints, varnishes; putty, other mastics; inks",632,"Tanning or dyeing extracts; tannins and their derivatives; dyes, pigments and other colouring matter; paints, varnishes; putty, other mastics; inks",1,1,2019
"Essential oils and resinoids; perfumery, cosmetic or toilet preparations",633,"Essential Oils",63301,"Chemical Products",6,12396347,2019
"Essential oils and resinoids; perfumery, cosmetic or toilet preparations",633,"Scented Mixtures",63302,"Chemical Products",6,15541852,2019
"Essential oils and resinoids; perfumery, cosmetic or toilet preparations",633,"Perfumes",63303,"Chemical Products",6,895469,2019
"Essential oils and resinoids; perfumery, cosmetic or toilet preparations",633,"Beauty Products",63304,"Chemical Products",6,6084103,2019
"Essential oils and resinoids; perfumery, cosmetic or toilet preparations",633,"Hair Products",63305,"Chemical Products",6,5200148,2019
"Essential oils and resinoids; perfumery, cosmetic or toilet preparations",633,"Dental Products",63306,"Chemical Products",6,318786,2019
"Essential oils and resinoids; perfumery, cosmetic or toilet preparations",633,"Shaving Products",63307,"Chemical Products",6,4420561,2019
"Exports",1,"Essential oils and resinoids; perfumery, cosmetic or toilet preparations",633,"Essential oils and resinoids; perfumery, cosmetic or toilet preparations",1,1,2019
"Soap, organic surface-active agents; washing, lubricating, polishing or scouring preparations; artificial or prepared waxes, candles and similar articles, modelling pastes, dental waxes and dental preparations with a basis of plaster",634,"Soap",63401,"Chemical Products",6,5691082,2019
"Soap, organic surface-active agents; washing, lubricating, polishing or scouring preparations; artificial or prepared waxes, candles and similar articles, modelling pastes, dental waxes and dental preparations with a basis of plaster",634,"Cleaning Products",63402,"Chemical Products",6,32863830,2019
"Soap, organic surface-active agents; washing, lubricating, polishing or scouring preparations; artificial or prepared waxes, candles and similar articles, modelling pastes, dental waxes and dental preparations with a basis of plaster",634,"Lubricating Products",63403,"Chemical Products",6,2312624,2019
"Soap, organic surface-active agents; washing, lubricating, polishing or scouring preparations; artificial or prepared waxes, candles and similar articles, modelling pastes, dental waxes and dental preparations with a basis of plaster",634,"Waxes",63404,"Chemical Products",6,451137,2019
"Soap, organic surface-active agents; washing, lubricating, polishing or scouring preparations; artificial or prepared waxes, candles and similar articles, modelling pastes, dental waxes and dental preparations with a basis of plaster",634,"Polishes and Creams",63405,"Chemical Products",6,6925303,2019
"Soap, organic surface-active agents; washing, lubricating, polishing or scouring preparations; artificial or prepared waxes, candles and similar articles, modelling pastes, dental waxes and dental preparations with a basis of plaster",634,"Candles",63406,"Chemical Products",6,34094,2019
"Soap, organic surface-active agents; washing, lubricating, polishing or scouring preparations; artificial or prepared waxes, candles and similar articles, modelling pastes, dental waxes and dental preparations with a basis of plaster",634,"Pastes and Waxes",63407,"Chemical Products",6,53152,2019
"Exports",1,"Soap, organic surface-active agents; washing, lubricating, polishing or scouring preparations; artificial or prepared waxes, candles and similar articles, modelling pastes, dental waxes and dental preparations with a basis of plaster",634,"Soap, organic surface-active agents; washing, lubricating, polishing or scouring preparations; artificial or prepared waxes, candles and similar articles, modelling pastes, dental waxes and dental preparations with a basis of plaster",1,1,2019
"Albuminoidal substances; modified starches; glues; enzymes",635,"Casein",63501,"Chemical Products",6,4917,2019
"Albuminoidal substances; modified starches; glues; enzymes",635,"Water Soluble Proteins",63502,"Chemical Products",6,5,2019
"Albuminoidal substances; modified starches; glues; enzymes",635,"Peptones",63504,"Chemical Products",6,685458,2019
"Albuminoidal substances; modified starches; glues; enzymes",635,"Dextrins",63505,"Chemical Products",6,131612,2019
"Albuminoidal substances; modified starches; glues; enzymes",635,"Glues",63506,"Chemical Products",6,15315595,2019
"Albuminoidal substances; modified starches; glues; enzymes",635,"Enzymes",63507,"Chemical Products",6,1769605,2019
"Exports",1,"Albuminoidal substances; modified starches; glues; enzymes",635,"Albuminoidal substances; modified starches; glues; enzymes",1,1,2019
"Explosives; pyrotechnic products; matches; pyrophoric alloys; certain combustible preparations",636,"Prepared Explosives",63602,"Chemical Products",6,29787557,2019
"Explosives; pyrotechnic products; matches; pyrophoric alloys; certain combustible preparations",636,"Detonating Fuses",63603,"Chemical Products",6,4730831,2019
"Explosives; pyrotechnic products; matches; pyrophoric alloys; certain combustible preparations",636,"Matches",63605,"Chemical Products",6,8510,2019
"Exports",1,"Explosives; pyrotechnic products; matches; pyrophoric alloys; certain combustible preparations",636,"Explosives; pyrotechnic products; matches; pyrophoric alloys; certain combustible preparations",1,1,2019
"Photographic or cinematographic goods",637,"Photographic Plates",63701,"Chemical Products",6,582045,2019
"Photographic or cinematographic goods",637,"Photographic Film",63702,"Chemical Products",6,1471,2019
"Photographic or cinematographic goods",637,"Photographic Paper",63703,"Chemical Products",6,4975,2019
"Photographic or cinematographic goods",637,"Developed Exposed Photographic Material",63705,"Chemical Products",6,38080,2019
"Photographic or cinematographic goods",637,"Motion-picture film, exposed and developed",63706,"Chemical Products",6,505,2019
"Photographic or cinematographic goods",637,"Photographic Chemicals",63707,"Chemical Products",6,135401,2019
"Exports",1,"Photographic or cinematographic goods",637,"Photographic or cinematographic goods",1,1,2019
"Chemical products n.e.s.",638,"Artificial Graphite",63801,"Chemical Products",6,81,2019
"Chemical products n.e.s.",638,"Activated Carbon",63802,"Chemical Products",6,110519,2019
"Chemical products n.e.s.",638,"Wood Pulp Lyes",63804,"Chemical Products",6,1128,2019
"Chemical products n.e.s.",638,"Turpentine",63805,"Chemical Products",6,2283,2019
"Chemical products n.e.s.",638,"Wood Tar, Oils and Pitch",63807,"Chemical Products",6,30763.999999999996,2019
"Chemical products n.e.s.",638,"Pesticides",63808,"Chemical Products",6,96116923,2019
"Chemical products n.e.s.",638,"Dyeing Finishing Agents",63809,"Chemical Products",6,229689,2019
"Chemical products n.e.s.",638,"Metal Pickling Preparations",63810,"Chemical Products",6,91319,2019
"Chemical products n.e.s.",638,"Antiknock",63811,"Chemical Products",6,468638,2019
"Chemical products n.e.s.",638,"Prepared Rubber Accelerators",63812,"Chemical Products",6,318105,2019
"Chemical products n.e.s.",638,"Fire Extinguishers Preparations",63813,"Chemical Products",6,372.00000000000006,2019
"Chemical products n.e.s.",638,"Organic Composite Solvents",63814,"Chemical Products",6,2127595,2019
"Chemical products n.e.s.",638,"Reaction and Catalytic Products",63815,"Chemical Products",6,342077,2019
"Chemical products n.e.s.",638,"Refractory Cements",63816,"Chemical Products",6,469009,2019
"Chemical products n.e.s.",638,"Alkylbenzenes and Alkylnaphthalenes",63817,"Chemical Products",6,50,2019
"Chemical products n.e.s.",638,"Disc Chemicals for Electronics",63818,"Chemical Products",6,126941,2019
"Chemical products n.e.s.",638,"Hydraulic Brake Fluid",63819,"Chemical Products",6,57396,2019
"Chemical products n.e.s.",638,"Antifreeze",63820,"Chemical Products",6,169713,2019
"Chemical products n.e.s.",638,"Micro-Organism Culture Preparations",63821,"Chemical Products",6,89413,2019
"Chemical products n.e.s.",638,"Laboratory Reagents",63822,"Chemical Products",6,1795017,2019
"Chemical products n.e.s.",638,"Industrial Fatty Acids, Oils and Alcohols",63823,"Chemical Products",6,14661101,2019
"Exports",1,"Chemical products n.e.s.",638,"Chemical products n.e.s.",1,1,2019
"Plastics and articles thereof",739,"Ethylene Polymers",73901,"Plastics and Rubbers",7,2294038,2019
"Plastics and articles thereof",739,"Propylene Polymers",73902,"Plastics and Rubbers",7,1627813,2019
"Plastics and articles thereof",739,"Styrene Polymers",73903,"Plastics and Rubbers",7,116339,2019
"Plastics and articles thereof",739,"Vinyl Chloride Polymers",73904,"Plastics and Rubbers",7,8481086,2019
"Plastics and articles thereof",739,"Other Vinyl Polymers",73905,"Plastics and Rubbers",7,292054,2019
"Plastics and articles thereof",739,"Acrylic Polymers",73906,"Plastics and Rubbers",7,815880,2019
"Plastics and articles thereof",739,"Polyacetals",73907,"Plastics and Rubbers",7,2670405,2019
"Plastics and articles thereof",739,"Polyamides",73908,"Plastics and Rubbers",7,93385,2019
"Plastics and articles thereof",739,"Amino-resins",73909,"Plastics and Rubbers",7,411368,2019
"Plastics and articles thereof",739,"Silicone",73910,"Plastics and Rubbers",7,375867,2019
"Plastics and articles thereof",739,"Petroleum Resins",73911,"Plastics and Rubbers",7,171368,2019
"Plastics and articles thereof",739,"Cellulose",73912,"Plastics and Rubbers",7,319432,2019
"Plastics and articles thereof",739,"Natural Polymers",73913,"Plastics and Rubbers",7,97388,2019
"Plastics and articles thereof",739,"Polymer Ion-Exchangers",73914,"Plastics and Rubbers",7,1753,2019
"Plastics and articles thereof",739,"Scrap Plastic",73915,"Plastics and Rubbers",7,3680432,2019
"Plastics and articles thereof",739,"Monofilament",73916,"Plastics and Rubbers",7,3251581,2019
"Plastics and articles thereof",739,"Plastic Pipes",73917,"Plastics and Rubbers",7,60563892,2019
"Plastics and articles thereof",739,"Plastic Floor Coverings",73918,"Plastics and Rubbers",7,186464,2019
"Plastics and articles thereof",739,"Self-adhesive Plastics",73919,"Plastics and Rubbers",7,7661840,2019
"Plastics and articles thereof",739,"Raw Plastic Sheeting",73920,"Plastics and Rubbers",7,18384377,2019
"Plastics and articles thereof",739,"Other Plastic Sheetings",73921,"Plastics and Rubbers",7,62079236,2019
"Plastics and articles thereof",739,"Plastic Wash Basins",73922,"Plastics and Rubbers",7,1302943,2019
"Plastics and articles thereof",739,"Plastic Lids",73923,"Plastics and Rubbers",7,92393774,2019
"Plastics and articles thereof",739,"Plastic Housewares",73924,"Plastics and Rubbers",7,5937352,2019
"Plastics and articles thereof",739,"Plastic Building Materials",73925,"Plastics and Rubbers",7,18994717,2019
"Plastics and articles thereof",739,"Other Plastic Products",73926,"Plastics and Rubbers",7,121597631.00000001,2019
"Exports",1,"Plastics and articles thereof",739,"Plastics and articles thereof",1,1,2019
"Rubber and articles thereof",740,"Rubber",74001,"Plastics and Rubbers",7,141520,2019
"Rubber and articles thereof",740,"Synthetic Rubber",74002,"Plastics and Rubbers",7,103315,2019
"Rubber and articles thereof",740,"Reclaimed Rubber",74003,"Plastics and Rubbers",7,80699,2019
"Rubber and articles thereof",740,"Scrap Rubber",74004,"Plastics and Rubbers",7,54833,2019
"Rubber and articles thereof",740,"Compounded Unvulcanised Rubber",74005,"Plastics and Rubbers",7,593622,2019
"Rubber and articles thereof",740,"Unvulcanised Rubber Products",74006,"Plastics and Rubbers",7,8956,2019
"Rubber and articles thereof",740,"Rubber Thread",74007,"Plastics and Rubbers",7,16717,2019
"Rubber and articles thereof",740,"Rubber Sheets",74008,"Plastics and Rubbers",7,155055,2019
"Rubber and articles thereof",740,"Rubber Pipes",74009,"Plastics and Rubbers",7,505138,2019
"Rubber and articles thereof",740,"Rubber Belting",74010,"Plastics and Rubbers",7,134832,2019
"Rubber and articles thereof",740,"Rubber Tires",74011,"Plastics and Rubbers",7,203310189,2019
"Rubber and articles thereof",740,"Used Rubber Tires",74012,"Plastics and Rubbers",7,48203,2019
"Rubber and articles thereof",740,"Rubber Inner Tubes",74013,"Plastics and Rubbers",7,55388,2019
"Rubber and articles thereof",740,"Pharmaceutical Rubber Products",74014,"Plastics and Rubbers",7,320456,2019
"Rubber and articles thereof",740,"Rubber Apparel",74015,"Plastics and Rubbers",7,590576,2019
"Rubber and articles thereof",740,"Other Rubber Products",74016,"Plastics and Rubbers",7,74474925,2019
"Rubber and articles thereof",740,"Hard Rubber",74017,"Plastics and Rubbers",7,38133,2019
"Exports",1,"Rubber and articles thereof",740,"Rubber and articles thereof",1,1,2019
"Raw hides and skins (other than furskins) and leather",841,"Equine and Bovine Hides",84101,"Animal Hides",8,24262,2019
"Raw hides and skins (other than furskins) and leather",841,"Sheep Hides",84102,"Animal Hides",8,1298,2019
"Raw hides and skins (other than furskins) and leather",841,"Other Hides and Skins",84103,"Animal Hides",8,282041,2019
"Raw hides and skins (other than furskins) and leather",841,"Tanned Equine and Bovine Hides",84104,"Animal Hides",8,3684880,2019
"Raw hides and skins (other than furskins) and leather",841,"Leather of Other Animals",84107,"Animal Hides",8,100,2019
"Raw hides and skins (other than furskins) and leather",841,"Chamois Leather",84108,"Animal Hides",8,271,2019
"Raw hides and skins (other than furskins) and leather",841,"Patent Leather",84109,"Animal Hides",8,19,2019
"Raw hides and skins (other than furskins) and leather",841,"Leather Waste",84110,"Animal Hides",8,6314,2019
"Raw hides and skins (other than furskins) and leather",841,"Leather Sheets",84111,"Animal Hides",8,4956,2019
"Exports",1,"Raw hides and skins (other than furskins) and leather",841,"Raw hides and skins (other than furskins) and leather",1,1,2019
"Articles of leather; saddlery and harness; travel goods, handbags and similar containers; articles of animal gut (other than silk-worm gut)",842,"Saddlery",84201,"Animal Hides",8,77954,2019
"Articles of leather; saddlery and harness; travel goods, handbags and similar containers; articles of animal gut (other than silk-worm gut)",842,"Trunks and Cases",84202,"Animal Hides",8,5899841,2019
"Articles of leather; saddlery and harness; travel goods, handbags and similar containers; articles of animal gut (other than silk-worm gut)",842,"Leather Apparel",84203,"Animal Hides",8,76972,2019
"Articles of leather; saddlery and harness; travel goods, handbags and similar containers; articles of animal gut (other than silk-worm gut)",842,"Other Leather Articles",84205,"Animal Hides",8,8720,2019
"Articles of leather; saddlery and harness; travel goods, handbags and similar containers; articles of animal gut (other than silk-worm gut)",842,"Articles of Gut",84206,"Animal Hides",8,5002,2019
"Exports",1,"Articles of leather; saddlery and harness; travel goods, handbags and similar containers; articles of animal gut (other than silk-worm gut)",842,"Articles of leather; saddlery and harness; travel goods, handbags and similar containers; articles of animal gut (other than silk-worm gut)",1,1,2019
"Furskins and artificial fur; manufactures thereof",843,"Furskin Apparel",84303,"Animal Hides",8,25777,2019
"Furskins and artificial fur; manufactures thereof",843,"Artificial Fur",84304,"Animal Hides",8,37903,2019
"Exports",1,"Furskins and artificial fur; manufactures thereof",843,"Furskins and artificial fur; manufactures thereof",1,1,2019
"Wood and articles of wood; wood charcoal",944,"Fuel Wood",94401,"Wood Products",9,114488.99999999999,2019
"Wood and articles of wood; wood charcoal",944,"Wood Charcoal",94402,"Wood Products",9,45467,2019
"Wood and articles of wood; wood charcoal",944,"Rough Wood",94403,"Wood Products",9,29303773,2019
"Wood and articles of wood; wood charcoal",944,"Wood Stakes",94404,"Wood Products",9,21342,2019
"Wood and articles of wood; wood charcoal",944,"Sawn Wood",94407,"Wood Products",9,9165348.999999998,2019
"Wood and articles of wood; wood charcoal",944,"Veneer Sheets",94408,"Wood Products",9,98992,2019
"Wood and articles of wood; wood charcoal",944,"Shaped Wood",94409,"Wood Products",9,786918.9999999999,2019
"Wood and articles of wood; wood charcoal",944,"Particle Board",94410,"Wood Products",9,44266,2019
"Wood and articles of wood; wood charcoal",944,"Wood Fiberboard",94411,"Wood Products",9,47946,2019
"Wood and articles of wood; wood charcoal",944,"Plywood",94412,"Wood Products",9,196965,2019
"Wood and articles of wood; wood charcoal",944,"Densified Wood",94413,"Wood Products",9,17781,2019
"Wood and articles of wood; wood charcoal",944,"Wood Frames",94414,"Wood Products",9,9666,2019
"Wood and articles of wood; wood charcoal",944,"Wood Crates",94415,"Wood Products",9,24261443,2019
"Wood and articles of wood; wood charcoal",944,"Wood Barrels",94416,"Wood Products",9,48.00000000000001,2019
"Wood and articles of wood; wood charcoal",944,"Wooden Tool Handles",94417,"Wood Products",9,795354.9999999999,2019
"Wood and articles of wood; wood charcoal",944,"Wood Carpentry",94418,"Wood Products",9,260239,2019
"Wood and articles of wood; wood charcoal",944,"Wood Kitchenware",94419,"Wood Products",9,42529,2019
"Wood and articles of wood; wood charcoal",944,"Wood Ornaments",94420,"Wood Products",9,517429,2019
"Wood and articles of wood; wood charcoal",944,"Other Wood Articles",94421,"Wood Products",9,659995,2019
"Exports",1,"Wood and articles of wood; wood charcoal",944,"Wood and articles of wood; wood charcoal",1,1,2019
"Cork and articles of cork",945,"Natural Cork Articles",94503,"Wood Products",9,36162,2019
"Cork and articles of cork",945,"Agglomerated Cork",94504,"Wood Products",9,970.0000000000001,2019
"Exports",1,"Cork and articles of cork",945,"Cork and articles of cork",1,1,2019
"Manufactures of straw, esparto or other plaiting materials; basketware and wickerwork",946,"Plaiting Products",94601,"Wood Products",9,30147,2019
"Manufactures of straw, esparto or other plaiting materials; basketware and wickerwork",946,"Basketwork",94602,"Wood Products",9,3187,2019
"Exports",1,"Manufactures of straw, esparto or other plaiting materials; basketware and wickerwork",946,"Manufactures of straw, esparto or other plaiting materials; basketware and wickerwork",1,1,2019
"Pulp of wood or other fibrous cellulosic material; waste and scrap of paper or paperboard",1047,"Mechanical Wood Pulp",104701,"Paper Goods",10,10737,2019
"Pulp of wood or other fibrous cellulosic material; waste and scrap of paper or paperboard",1047,"Sulfite Chemical Woodpulp",104704,"Paper Goods",10,770.9999999999999,2019
"Pulp of wood or other fibrous cellulosic material; waste and scrap of paper or paperboard",1047,"Recovered Paper Pulp",104706,"Paper Goods",10,26125,2019
"Pulp of wood or other fibrous cellulosic material; waste and scrap of paper or paperboard",1047,"Recovered Paper",104707,"Paper Goods",10,11908158,2019
"Exports",1,"Pulp of wood or other fibrous cellulosic material; waste and scrap of paper or paperboard",1047,"Pulp of wood or other fibrous cellulosic material; waste and scrap of paper or paperboard",1,1,2019
"Paper and paperboard; articles of paper pulp, of paper or paperboard",1048,"Newsprint",104801,"Paper Goods",10,136806,2019
"Paper and paperboard; articles of paper pulp, of paper or paperboard",1048,"Uncoated Paper",104802,"Paper Goods",10,552495,2019
"Paper and paperboard; articles of paper pulp, of paper or paperboard",1048,"Facial Tissue",104803,"Paper Goods",10,76804,2019
"Paper and paperboard; articles of paper pulp, of paper or paperboard",1048,"Uncoated Kraft Paper",104804,"Paper Goods",10,11746735,2019
"Paper and paperboard; articles of paper pulp, of paper or paperboard",1048,"Other Uncoated Paper",104805,"Paper Goods",10,4207491,2019
"Paper and paperboard; articles of paper pulp, of paper or paperboard",1048,"Vegetable Parchment",104806,"Paper Goods",10,308741,2019
"Paper and paperboard; articles of paper pulp, of paper or paperboard",1048,"Composite Paper",104807,"Paper Goods",10,5947253,2019
"Paper and paperboard; articles of paper pulp, of paper or paperboard",1048,"Corrugated Paper",104808,"Paper Goods",10,4533982.000000001,2019
"Paper and paperboard; articles of paper pulp, of paper or paperboard",1048,"Carbon Paper",104809,"Paper Goods",10,488492.99999999994,2019
"Paper and paperboard; articles of paper pulp, of paper or paperboard",1048,"Kaolin Coated Paper",104810,"Paper Goods",10,255917,2019
"Paper and paperboard; articles of paper pulp, of paper or paperboard",1048,"Cellulose Fibers Paper",104811,"Paper Goods",10,2491865,2019
"Paper and paperboard; articles of paper pulp, of paper or paperboard",1048,"Cigarette Paper",104813,"Paper Goods",10,20230,2019
"Paper and paperboard; articles of paper pulp, of paper or paperboard",1048,"Wallpaper",104814,"Paper Goods",10,6075.000000000001,2019
"Paper and paperboard; articles of paper pulp, of paper or paperboard",1048,"Other Carbon Paper",104816,"Paper Goods",10,28633.000000000004,2019
"Paper and paperboard; articles of paper pulp, of paper or paperboard",1048,"Letter Stock",104817,"Paper Goods",10,530025,2019
"Paper and paperboard; articles of paper pulp, of paper or paperboard",1048,"Toilet Paper",104818,"Paper Goods",10,149930856,2019
"Paper and paperboard; articles of paper pulp, of paper or paperboard",1048,"Paper Containers",104819,"Paper Goods",10,33664640,2019
"Paper and paperboard; articles of paper pulp, of paper or paperboard",1048,"Paper Notebooks",104820,"Paper Goods",10,5711817,2019
"Paper and paperboard; articles of paper pulp, of paper or paperboard",1048,"Paper Labels",104821,"Paper Goods",10,7729366,2019
"Paper and paperboard; articles of paper pulp, of paper or paperboard",1048,"Paper Spools",104822,"Paper Goods",10,73226,2019
"Paper and paperboard; articles of paper pulp, of paper or paperboard",1048,"Shaped Paper",104823,"Paper Goods",10,1082925,2019
"Exports",1,"Paper and paperboard; articles of paper pulp, of paper or paperboard",1048,"Paper and paperboard; articles of paper pulp, of paper or paperboard",1,1,2019
"Printed books, newspapers, pictures and other products of the printing industry; manuscripts, typescripts and plans",1049,"Brochures",104901,"Paper Goods",10,5841035,2019
"Printed books, newspapers, pictures and other products of the printing industry; manuscripts, typescripts and plans",1049,"Newspapers",104902,"Paper Goods",10,479477.99999999994,2019
"Printed books, newspapers, pictures and other products of the printing industry; manuscripts, typescripts and plans",1049,"Children's Picture Books",104903,"Paper Goods",10,95940,2019
"Printed books, newspapers, pictures and other products of the printing industry; manuscripts, typescripts and plans",1049,"Maps",104905,"Paper Goods",10,22580,2019
"Printed books, newspapers, pictures and other products of the printing industry; manuscripts, typescripts and plans",1049,"Architectural Plans",104906,"Paper Goods",10,33910,2019
"Printed books, newspapers, pictures and other products of the printing industry; manuscripts, typescripts and plans",1049,"Postage Stamps",104907,"Paper Goods",10,297527.99999999994,2019
"Printed books, newspapers, pictures and other products of the printing industry; manuscripts, typescripts and plans",1049,"Decals",104908,"Paper Goods",10,110191,2019
"Printed books, newspapers, pictures and other products of the printing industry; manuscripts, typescripts and plans",1049,"Postcards",104909,"Paper Goods",10,9168,2019
"Printed books, newspapers, pictures and other products of the printing industry; manuscripts, typescripts and plans",1049,"Calendars",104910,"Paper Goods",10,48103,2019
"Printed books, newspapers, pictures and other products of the printing industry; manuscripts, typescripts and plans",1049,"Other Printed Material",104911,"Paper Goods",10,2238271,2019
"Exports",1,"Printed books, newspapers, pictures and other products of the printing industry; manuscripts, typescripts and plans",1049,"Printed books, newspapers, pictures and other products of the printing industry; manuscripts, typescripts and plans",1,1,2019
"Silk",1150,"Silk Fabrics",115007,"Textiles",11,1019.0000000000001,2019
"Exports",1,"Silk",1150,"Silk",1,1,2019
"Wool, fine or coarse animal hair; horsehair yarn and woven fabric",1151,"Wool",115101,"Textiles",11,18.000000000000004,2019
"Wool, fine or coarse animal hair; horsehair yarn and woven fabric",1151,"Non-Retail Carded Wool Yarn",115106,"Textiles",11,1499.0000000000002,2019
"Wool, fine or coarse animal hair; horsehair yarn and woven fabric",1151,"Non-Retail Animal Hair Yarn",115108,"Textiles",11,26129,2019
"Wool, fine or coarse animal hair; horsehair yarn and woven fabric",1151,"Retail Wool or Animal Hair Yarn",115109,"Textiles",11,237,2019
"Wool, fine or coarse animal hair; horsehair yarn and woven fabric",1151,"Carded Wool or Animal Hair Fabric",115111,"Textiles",11,9731,2019
"Wool, fine or coarse animal hair; horsehair yarn and woven fabric",1151,"Combed Wool or Animal Hair Fabric",115112,"Textiles",11,14427,2019
"Exports",1,"Wool, fine or coarse animal hair; horsehair yarn and woven fabric",1151,"Wool, fine or coarse animal hair; horsehair yarn and woven fabric",1,1,2019
"Cotton",1152,"Raw Cotton",115201,"Textiles",11,269899,2019
"Cotton",1152,"Cotton Waste",115202,"Textiles",11,2220862,2019
"Cotton",1152,"Prepared Cotton",115203,"Textiles",11,1066498,2019
"Cotton",1152,"Cotton Sewing Thread",115204,"Textiles",11,10861,2019
"Cotton",1152,"Non-Retail Pure Cotton Yarn",115205,"Textiles",11,23217717,2019
"Cotton",1152,"Non-Retail Mixed Cotton Yarn",115206,"Textiles",11,10869894,2019
"Cotton",1152,"Retail Cotton Yarn",115207,"Textiles",11,191171,2019
"Cotton",1152,"Light Pure Woven Cotton",115208,"Textiles",11,10317,2019
"Cotton",1152,"Heavy Pure Woven Cotton",115209,"Textiles",11,122656,2019
"Cotton",1152,"Light Mixed Woven Cotton",115210,"Textiles",11,67682,2019
"Cotton",1152,"Heavy Mixed Woven Cotton",115211,"Textiles",11,284,2019
"Cotton",1152,"Other Cotton Fabrics",115212,"Textiles",11,129278.00000000001,2019
"Exports",1,"Cotton",1152,"Cotton",1,1,2019
"Vegetable textile fibres; paper yarn and woven fabrics of paper yarn",1153,"Jute and Other Textile Fibers",115303,"Textiles",11,48427,2019
"Vegetable textile fibres; paper yarn and woven fabrics of paper yarn",1153,"Coconut and Other Vegetable Fibers",115305,"Textiles",11,632121,2019
"Vegetable textile fibres; paper yarn and woven fabrics of paper yarn",1153,"Jute Yarn",115307,"Textiles",11,138,2019
"Vegetable textile fibres; paper yarn and woven fabrics of paper yarn",1153,"Jute Woven Fabric",115310,"Textiles",11,103.00000000000001,2019
"Vegetable textile fibres; paper yarn and woven fabrics of paper yarn",1153,"Other Vegetable Fibers Fabric",115311,"Textiles",11,496,2019
"Exports",1,"Vegetable textile fibres; paper yarn and woven fabrics of paper yarn",1153,"Vegetable textile fibres; paper yarn and woven fabrics of paper yarn",1,1,2019
"Man-made filaments",1154,"Artificial Filament Sewing Thread",115401,"Textiles",11,11405867,2019
"Man-made filaments",1154,"Non-Retail Synthetic Filament Yarn",115402,"Textiles",11,10958376,2019
"Man-made filaments",1154,"Non-Retail Artificial Filament Yarn",115403,"Textiles",11,8367,2019
"Man-made filaments",1154,"Synthetic Monofilament",115404,"Textiles",11,72439,2019
"Man-made filaments",1154,"Retail Artificial Filament Yarn",115406,"Textiles",11,9220,2019
"Man-made filaments",1154,"Synthetic Filament Yarn Woven Fabric",115407,"Textiles",11,656479,2019
"Man-made filaments",1154,"Artificial Filament Yarn Woven Fabric",115408,"Textiles",11,35428.00000000001,2019
"Exports",1,"Man-made filaments",1154,"Man-made filaments",1,1,2019
"Man-made staple fibres",1155,"Synthetic Filament Tow",115501,"Textiles",11,1586,2019
"Man-made staple fibres",1155,"Artificial Filament Tow",115502,"Textiles",11,209,2019
"Man-made staple fibres",1155,"Unprocessed Synthetic Staple Fibers",115503,"Textiles",11,167032,2019
"Man-made staple fibres",1155,"Non-Retail Artificial Staple Fibers Sewing Thread",115508,"Textiles",11,1526587,2019
"Man-made staple fibres",1155,"Non-Retail Synthetic Staple Fibers Yarn",115509,"Textiles",11,1691461,2019
"Man-made staple fibres",1155,"Non-Retail Artificial Staple Fibers Yarn",115510,"Textiles",11,221462,2019
"Man-made staple fibres",1155,"Retail Artificial Staple Fibers Yarn",115511,"Textiles",11,173,2019
"Man-made staple fibres",1155,"Synthetic Fabrics",115512,"Textiles",11,8083,2019
"Man-made staple fibres",1155,"Light Synthetic Cotton Fabrics",115513,"Textiles",11,35416,2019
"Man-made staple fibres",1155,"Heavy Synthetic Cotton Fabrics",115514,"Textiles",11,7438,2019
"Man-made staple fibres",1155,"Other Synthetic Fabrics",115515,"Textiles",11,82856,2019
"Man-made staple fibres",1155,"Woven Fabric of Synthetic Staple Fibers",115516,"Textiles",11,20431,2019
"Exports",1,"Man-made staple fibres",1155,"Man-made staple fibres",1,1,2019
"Wadding, felt and nonwovens, special yarns; twine, cordage, ropes and cables and articles thereof",1156,"Wadding",115601,"Textiles",11,243413,2019
"Wadding, felt and nonwovens, special yarns; twine, cordage, ropes and cables and articles thereof",1156,"Felt",115602,"Textiles",11,186797,2019
"Wadding, felt and nonwovens, special yarns; twine, cordage, ropes and cables and articles thereof",1156,"Non-woven Textiles",115603,"Textiles",11,254091,2019
"Wadding, felt and nonwovens, special yarns; twine, cordage, ropes and cables and articles thereof",1156,"Rubber Textiles",115604,"Textiles",11,6506,2019
"Wadding, felt and nonwovens, special yarns; twine, cordage, ropes and cables and articles thereof",1156,"Metallic Yarn",115605,"Textiles",11,94,2019
"Wadding, felt and nonwovens, special yarns; twine, cordage, ropes and cables and articles thereof",1156,"Twine and Rope",115607,"Textiles",11,5198832,2019
"Wadding, felt and nonwovens, special yarns; twine, cordage, ropes and cables and articles thereof",1156,"Netting",115608,"Textiles",11,117955,2019
"Wadding, felt and nonwovens, special yarns; twine, cordage, ropes and cables and articles thereof",1156,"Other Articles of Twine and Rope",115609,"Textiles",11,36696,2019
"Exports",1,"Wadding, felt and nonwovens, special yarns; twine, cordage, ropes and cables and articles thereof",1156,"Wadding, felt and nonwovens, special yarns; twine, cordage, ropes and cables and articles thereof",1,1,2019
"Carpets and other textile floor coverings",1157,"Knotted Carpets",115701,"Textiles",11,4394,2019
"Carpets and other textile floor coverings",1157,"Hand-Woven Rugs",115702,"Textiles",11,34741,2019
"Carpets and other textile floor coverings",1157,"Tufted Carpets",115703,"Textiles",11,42482,2019
"Carpets and other textile floor coverings",1157,"Other Carpets",115705,"Textiles",11,12331,2019
"Exports",1,"Carpets and other textile floor coverings",1157,"Carpets and other textile floor coverings",1,1,2019
"Woven fabrics",1158,"Woven Fabrics",115801,"Textiles",11,886738,2019
"Woven fabrics",1158,"Terry Fabric",115802,"Textiles",11,271,2019
"Woven fabrics",1158,"Tulles and Net Fabric",115804,"Textiles",11,14173,2019
"Woven fabrics",1158,"Hand-Woven Tapestries",115805,"Textiles",11,5415,2019
"Woven fabrics",1158,"Narrow Woven Fabric",115806,"Textiles",11,2029600,2019
"Woven fabrics",1158,"Labels",115807,"Textiles",11,444740,2019
"Woven fabrics",1158,"Ornamental Trimmings",115808,"Textiles",11,236,2019
"Woven fabrics",1158,"Metallic Fabric",115809,"Textiles",11,1564,2019
"Woven fabrics",1158,"Embroidery",115810,"Textiles",11,33607,2019
"Woven fabrics",1158,"Quilted Textiles",115811,"Textiles",11,1912,2019
"Exports",1,"Woven fabrics",1158,"Woven fabrics",1,1,2019
"Textile fabrics",1159,"Gum Coated Textile Fabric",115901,"Textiles",11,1779,2019
"Textile fabrics",1159,"Polyamide Fabric",115902,"Textiles",11,15057,2019
"Textile fabrics",1159,"Plastic Coated Textile Fabric",115903,"Textiles",11,9488374,2019
"Textile fabrics",1159,"Linoleum",115904,"Textiles",11,606,2019
"Textile fabrics",1159,"Textile Wall Coverings",115905,"Textiles",11,32000,2019
"Textile fabrics",1159,"Rubber Textile Fabric",115906,"Textiles",11,423151,2019
"Textile fabrics",1159,"Coated Textile Fabric",115907,"Textiles",11,4983,2019
"Textile fabrics",1159,"Hose Piping Textiles",115909,"Textiles",11,361336,2019
"Textile fabrics",1159,"Conveyor Belt Textiles",115910,"Textiles",11,4650,2019
"Textile fabrics",1159,"Technical Use Textiles",115911,"Textiles",11,18606814,2019
"Exports",1,"Textile fabrics",1159,"Textile fabrics",1,1,2019
"Knitted or chrocheted fabrics",1160,"Pile Fabric",116001,"Textiles",11,7617,2019
"Knitted or chrocheted fabrics",1160,"Light Rubberized Knitted Fabric",116002,"Textiles",11,959694,2019
"Exports",1,"Knitted or chrocheted fabrics",1160,"Knitted or chrocheted fabrics",1,1,2019
"Knitted or crocheted apparel and clothing accessories",1161,"Knit Men's Coats",116101,"Textiles",11,19530,2019
"Knitted or crocheted apparel and clothing accessories",1161,"Knit Women's Coats",116102,"Textiles",11,8796,2019
"Knitted or crocheted apparel and clothing accessories",1161,"Knit Men's Suits",116103,"Textiles",11,776824,2019
"Knitted or crocheted apparel and clothing accessories",1161,"Knit Women's Suits",116104,"Textiles",11,298322,2019
"Knitted or crocheted apparel and clothing accessories",1161,"Knit Men's Shirts",116105,"Textiles",11,101564,2019
"Knitted or crocheted apparel and clothing accessories",1161,"Knit Women's Shirts",116106,"Textiles",11,68230,2019
"Knitted or crocheted apparel and clothing accessories",1161,"Knit Men's Undergarments",116107,"Textiles",11,80739,2019
"Knitted or crocheted apparel and clothing accessories",1161,"Knit Women's Undergarments",116108,"Textiles",11,54760,2019
"Knitted or crocheted apparel and clothing accessories",1161,"Knit T-shirts",116109,"Textiles",11,1232329,2019
"Knitted or crocheted apparel and clothing accessories",1161,"Knit Sweaters",116110,"Textiles",11,275800,2019
"Knitted or crocheted apparel and clothing accessories",1161,"Knit Babies' Garments",116111,"Textiles",11,55111,2019
"Knitted or crocheted apparel and clothing accessories",1161,"Knit Active Wear",116112,"Textiles",11,52560,2019
"Knitted or crocheted apparel and clothing accessories",1161,"Garments of Impregnated Fabric",116113,"Textiles",11,3994,2019
"Knitted or crocheted apparel and clothing accessories",1161,"Other Knit Garments",116114,"Textiles",11,658057,2019
"Knitted or crocheted apparel and clothing accessories",1161,"Knit Socks and Hosiery",116115,"Textiles",11,31209603,2019
"Knitted or crocheted apparel and clothing accessories",1161,"Knit Gloves",116116,"Textiles",11,61567,2019
"Knitted or crocheted apparel and clothing accessories",1161,"Other Knit Clothing Accessories",116117,"Textiles",11,83050,2019
"Exports",1,"Knitted or crocheted apparel and clothing accessories",1161,"Knitted or crocheted apparel and clothing accessories",1,1,2019
"Non-knit or crocheted apparel and clothing accessories",1162,"Non-Knit Men's Coats",116201,"Textiles",11,188182,2019
"Non-knit or crocheted apparel and clothing accessories",1162,"Non-Knit Women's Coats",116202,"Textiles",11,57311,2019
"Non-knit or crocheted apparel and clothing accessories",1162,"Non-Knit Men's Suits",116203,"Textiles",11,2864326,2019
"Non-knit or crocheted apparel and clothing accessories",1162,"Non-Knit Women's Suits",116204,"Textiles",11,1316035,2019
"Non-knit or crocheted apparel and clothing accessories",1162,"Non-Knit Men's Shirts",116205,"Textiles",11,567287,2019
"Non-knit or crocheted apparel and clothing accessories",1162,"Non-Knit Women's Shirts",116206,"Textiles",11,241173,2019
"Non-knit or crocheted apparel and clothing accessories",1162,"Non-Knit Men's Undergarments",116207,"Textiles",11,299424,2019
"Non-knit or crocheted apparel and clothing accessories",1162,"Non-Knit Women's Undergarments",116208,"Textiles",11,168015,2019
"Non-knit or crocheted apparel and clothing accessories",1162,"Non-Knit Babies' Garments",116209,"Textiles",11,51130,2019
"Non-knit or crocheted apparel and clothing accessories",1162,"Felt or Coated Fabric Garments",116210,"Textiles",11,213535,2019
"Non-knit or crocheted apparel and clothing accessories",1162,"Non-Knit Active Wear",116211,"Textiles",11,287757,2019
"Non-knit or crocheted apparel and clothing accessories",1162,"Other Women's Undergarments",116212,"Textiles",11,7956717,2019
"Non-knit or crocheted apparel and clothing accessories",1162,"Handkerchiefs",116213,"Textiles",11,181,2019
"Non-knit or crocheted apparel and clothing accessories",1162,"Scarves",116214,"Textiles",11,91720,2019
"Non-knit or crocheted apparel and clothing accessories",1162,"Neck Ties",116215,"Textiles",11,5053,2019
"Non-knit or crocheted apparel and clothing accessories",1162,"Non-Knit Gloves",116216,"Textiles",11,8539,2019
"Non-knit or crocheted apparel and clothing accessories",1162,"Other Non-Knit Clothing Accessories",116217,"Textiles",11,135025,2019
"Exports",1,"Non-knit or crocheted apparel and clothing accessories",1162,"Non-knit or crocheted apparel and clothing accessories",1,1,2019
"Textiles, made up articles; sets; worn clothing and worn textile articles; rags",1163,"Blankets",116301,"Textiles",11,444127,2019
"Textiles, made up articles; sets; worn clothing and worn textile articles; rags",1163,"House Linens",116302,"Textiles",11,657739,2019
"Textiles, made up articles; sets; worn clothing and worn textile articles; rags",1163,"Window Dressings",116303,"Textiles",11,379215,2019
"Textiles, made up articles; sets; worn clothing and worn textile articles; rags",1163,"Bedspreads",116304,"Textiles",11,946699,2019
"Textiles, made up articles; sets; worn clothing and worn textile articles; rags",1163,"Packing Bags",116305,"Textiles",11,766785,2019
"Textiles, made up articles; sets; worn clothing and worn textile articles; rags",1163,"Awnings, Tents, and Sails",116306,"Textiles",11,352512,2019
"Textiles, made up articles; sets; worn clothing and worn textile articles; rags",1163,"Other Cloth Articles",116307,"Textiles",11,2745999,2019
"Textiles, made up articles; sets; worn clothing and worn textile articles; rags",1163,"Packaged Sewing Sets",116308,"Textiles",11,219,2019
"Textiles, made up articles; sets; worn clothing and worn textile articles; rags",1163,"Used Clothing",116309,"Textiles",11,339097,2019
"Textiles, made up articles; sets; worn clothing and worn textile articles; rags",1163,"Textile Scraps",116310,"Textiles",11,47005,2019
"Exports",1,"Textiles, made up articles; sets; worn clothing and worn textile articles; rags",1163,"Textiles, made up articles; sets; worn clothing and worn textile articles; rags",1,1,2019
